[
  {
    "model": "accounts.CustomUser",
    "pk": 1,
    "fields": {
      "password": "pbkf2_sha256$600000$miYxkQDZ$sUX675jPNiA+iyspTgp/b3dnzP4wMuIQ4KPLr7C/Ptk=",
      "is_superuser": 1,
      "first_name": "Jakub",
      "last_name": "Połeć",
      "is_staff": 1,
      "is_active": 1,
      "email": "jakubpolec@outlook.com",
      "is_dev": 1,
      "avatar": "https://res.cloudinary.com/dbpcaze0b/image/upload/c_thumb,g_face,h_200,w_200/r_max/f_auto/v1712690767/avatars/JCLQOCGpwVi26AaZrqyQCITT8sjnda"
    }
  },
  {
    "model": "accounts.CustomUser",
    "pk": 2,
    "fields": {
      "password": "pkdf2_sha256$600tlMzxozlNo$0+7XMz3dFHPyg9l/7t6TRBtbkZstGFaRmyab7DOt4OM=",
      "is_superuser": 1,
      "first_name": "Krystian",
      "last_name": "Tworek",
      "is_staff": 1,
      "is_active": 1,
      "email": "",
      "is_dev": 1,
      "avatar": "https://res.cloudinary.com/dbpcaze0b/image/upload/c_thumb,g_face,h_200,w_200/r_max/f_auto/v1712690929/avatars/a328m26x7yY0RsmfofCW11EDeaYKjw"
    }
  },
  {
    "model": "accounts.CustomUser",
    "pk": 3,
    "fields": {
      "password": "pf2_sha256$600000$u4vzKVE5Zrsl3EP0JLeLgW9Tmks/nMKa3w3UM26r+e5GxU8=",
      "is_superuser": 1,
      "first_name": "Oktawian",
      "last_name": "Czakiert",
      "is_staff": 1,
      "is_active": 1,
      "email": "oktawian.czakiert@gmail.com",
      "is_dev": 1,
      "avatar": "https://res.cloudinary.com/dbpcaze0b/image/upload/c_thumb,g_face,h_200,w_200/r_max/f_auto/v1712690995/avatars/GdXgtFnQWlsbHWBt5QKTP4p7ikribz"
    }
  },
  {
    "model": "accounts.CustomUser",
    "pk": 4,
    "fields": {
      "password": "pbkdf2_sha256$600000$gjfJWke27dlkDJ7z4xkQDZ$atxV75jPNiA+iyspTgp/b3dnzP4wMuIQ4KPLr7C/Ptk=",
      "is_superuser": 0,
      "first_name": "Michael",
      "last_name": "Smith",
      "is_staff": 0,
      "is_active": 1,
      "email": "jane@example.com",
      "is_dev": 0,
      "avatar": "https://res.cloudinary.com/dbpcaze0b/image/upload/v1712677324/avatars/12_fjko1m.jpg"
    }
  },
  {
    "model": "accounts.CustomUser",
    "pk": 5,
    "fields": {
      "password": "pbkdf2_sha256$600000$eRkWSje93kdDJD7z4xkQDZ$oktR75jPNiA+iyspTgp/b3dnzP4wMuIQ4KPLr7C/Ptk=",
      "is_superuser": 0,
      "first_name": "David",
      "last_name": "Johnson",
      "is_staff": 1,
      "is_active": 1,
      "email": "emily@example.com",
      "is_dev": 1,
      "avatar": "https://res.cloudinary.com/dbpcaze0b/image/upload/v1712677325/avatars/13_mhcnjl.jpg"
    }
  },
  {
    "model": "accounts.CustomUser",
    "pk": 6,
    "fields": {
      "password": "pbkdf2_sha256$600000$pTwcSje93dlkDJ7z4xkQDZ$otlR75jPNiA+iyspTgp/b3dnzP4wMuIQ4KPLr7C/Ptk=",
      "is_superuser": 0,
      "first_name": "James",
      "last_name": "Williams",
      "is_staff": 0,
      "is_active": 1,
      "email": "michael@example.com",
      "is_dev": 0,
      "avatar": "https://res.cloudinary.com/dbpcaze0b/image/upload/v1711977624/avatars/kuehdldiq5ffkhzxg9ov.png"
    }
  },
  {
    "model": "accounts.CustomUser",
    "pk": 7,
    "fields": {
      "password": "pbkdf2_sha256$600000$jgtLWkd74dsiDJ7z4xkQDZ$uqzR75jPNiA+iyspTgp/b3dnzP4wMuIQ4KPLr7C/Ptk=",
      "is_superuser": 1,
      "first_name": "Emily",
      "last_name": "Brown",
      "is_staff": 1,
      "is_active": 1,
      "email": "david@example.com",
      "is_dev": 1,
      "avatar": "https://res.cloudinary.com/dbpcaze0b/image/upload/v1712677325/avatars/15_xgkvvo.jpg"
    }
  },
  {
    "model": "accounts.CustomUser",
    "pk": 8,
    "fields": {
      "password": "pbkdf2_sha256$600000$lsk9KdE48aDfDJ7z4xkQDZ$pztR75jPNiA+iyspTgp/b3dnzP4wMuIQ4KPLr7C/Ptk=",
      "is_superuser": 0,
      "first_name": "Sarah",
      "last_name": "Davis",
      "is_staff": 0,
      "is_active": 1,
      "email": "sarah@example.com",
      "is_dev": 0,
      "avatar": "https://res.cloudinary.com/dbpcaze0b/image/upload/v1712677963/avatars/111_o4x4wu.jpg"
    }
  },
  {
    "model": "accounts.CustomUser",
    "pk": 9,
    "fields": {
      "password": "pbkdf2_sha256$600000$okpRKe38eDfDJ7z4xkQDZ$jztR75jPNiA+iyspTgp/b3dnzP4wMuIQ4KPLr7C/Ptk=",
      "is_superuser": 0,
      "first_name": "Daniel",
      "last_name": "Wilson",
      "is_staff": 1,
      "is_active": 1,
      "email": "daniel@example.com",
      "is_dev": 1,
      "avatar": "https://res.cloudinary.com/dbpcaze0b/image/upload/v1712677320/avatars/2_ydrxqn.jpg"
    }
  },
  {
    "model": "accounts.CustomUser",
    "pk": 10,
    "fields": {
      "password": "pbkdf2_sha256$600000$pakKWe74zI8eDJ7z4xkQDZ$xrtR75jPNiA+iyspTgp/b3dnzP4wMuIQ4KPLr7C/Ptk=",
      "is_superuser": 1,
      "first_name": "Jennifer",
      "last_name": "Martinez",
      "is_staff": 0,
      "is_active": 1,
      "email": "jennifer@example.com",
      "is_dev": 0,
      "avatar": "https://res.cloudinary.com/dbpcaze0b/image/upload/v1712677962/avatars/222_wru6xy.png"
    }
  },
  {
    "model": "accounts.CustomUser",
    "pk": 11,
    "fields": {
      "password": "pbkdf2_sha256$600000$klsdWe94sSdDJ7z4xkQDZ$xutR75jPNiA+iyspTgp/b3dnzP4wMuIQ4KPLr7C/Ptk=",
      "is_superuser": 0,
      "first_name": "Chris",
      "last_name": "Taylor",
      "is_staff": 1,
      "is_active": 1,
      "email": "chris@example.com",
      "is_dev": 1,
      "avatar": "https://res.cloudinary.com/dbpcaze0b/image/upload/v1712677321/avatars/4_tuzkf3.jpg"
    }
  },
  {
    "model": "accounts.CustomUser",
    "pk": 12,
    "fields": {
      "password": "pbkdf2_sha256$600000$ldjkWd37zI8eDJ7z4xkQDZ$yutR75jPNiA+iyspTgp/b3dnzP4wMuIQ4KPLr7C/Ptk=",
      "is_superuser": 0,
      "first_name": "Jessica",
      "last_name": "Miller",
      "is_staff": 0,
      "is_active": 1,
      "email": "jessica@example.com",
      "is_dev": 0,
      "avatar": "https://res.cloudinary.com/dbpcaze0b/image/upload/v1712677961/avatars/333_bpa1dv.png"
    }
  },
  {
    "model": "accounts.CustomUser",
    "pk": 13,
    "fields": {
      "password": "pbkdf2_sha256$600000$slWkd94sSdDJ7z4xkQDZ$qytR75jPNiA+iyspTgp/b3dnzP4wMuIQ4KPLr7C/Ptk=",
      "is_superuser": 1,
      "first_name": "Brandon",
      "last_name": "Anderson",
      "is_staff": 1,
      "is_active": 1,
      "email": "brandon@example.com",
      "is_dev": 1,
      "avatar": "https://res.cloudinary.com/dbpcaze0b/image/upload/v1712677322/avatars/7_ycie67.jpg"
    }
  },
  {
    "model": "accounts.CustomUser",
    "pk": 14,
    "fields": {
      "password": "pbkdf2_sha256$600000$ldskDd37zI8eDJ7z4xkQDZ$kutR75jPNiA+iyspTgp/b3dnzP4wMuIQ4KPLr7C/Ptk=",
      "is_superuser": 0,
      "first_name": "Gabriel",
      "last_name": "Garcia",
      "is_staff": 1,
      "is_active": 1,
      "email": "rachel@example.com",
      "is_dev": 0,
      "avatar": "https://res.cloudinary.com/dbpcaze0b/image/upload/v1712677323/avatars/8_vlgd7s.jpg"
    }
  },
  {
    "model": "accounts.CustomUser",
    "pk": 15,
    "fields": {
      "password": "pbkdf2_sha256$600000$lksDd94sSdDJ7z4xkQDZ$wutR75jPNiA+iyspTgp/b3dnzP4wMuIQ4KPLr7C/Ptk=",
      "is_superuser": 0,
      "first_name": "Samuel",
      "last_name": "Lopez",
      "is_staff": 0,
      "is_active": 1,
      "email": "samuel@example.com",
      "is_dev": 1,
      "avatar": "https://res.cloudinary.com/dbpcaze0b/image/upload/v1712677323/avatars/9_tbvftx.jpg"
    }
  },
  {
    "model": "accounts.CustomUser",
    "pk": 16,
    "fields": {
      "password": "pbkdf2_sha256$600000$lksDd37zI8eDJ7z4xkQDZ$aetR75jPNiA+iyspTgp/b3dnzP4wMuIQ4KPLr7C/Ptk=",
      "is_superuser": 1,
      "first_name": "Samantha",
      "last_name": "Harris",
      "is_staff": 1,
      "is_active": 1,
      "email": "samantha@example.com",
      "is_dev": 0,
      "avatar": "https://res.cloudinary.com/dbpcaze0b/image/upload/v1711980472/avatars/AymdkCg80eKrApDc7hZJbzVCzbELna.png"
    }
  },
  {
    "model": "accounts.CustomUser",
    "pk": 17,
    "fields": {
      "password": "pbkdf2_sha256$600000$lksDd37zI8eDJ7z4xkQDZ$yutR75jPNiA+iyspTgp/b3dnzP4wMuIQ4KPLr7C/Ptk=",
      "is_superuser": 0,
      "first_name": "William",
      "last_name": "Young",
      "is_staff": 0,
      "is_active": 1,
      "email": "william@example.com",
      "is_dev": 0,
      "avatar": "https://res.cloudinary.com/dbpcaze0b/image/upload/v1711980814/avatars/TMF5Xjjz3K1eVaSlx7F8GQCRTtZoj3.png"
    }
  },
  {
    "model": "accounts.CustomUser",
    "pk": 18,
    "fields": {
      "password": "pbkdf2_sha256$600000$skKDd37zI8eDJ7z4xkQDZ$qytR75jPNiA+iyspTgp/b3dnzP4wMuIQ4KPLr7C/Ptk=",
      "is_superuser": 1,
      "first_name": "Oliver",
      "last_name": "King",
      "is_staff": 1,
      "is_active": 1,
      "email": "oliver@example.com",
      "is_dev": 1,
      "avatar": "https://res.cloudinary.com/dbpcaze0b/image/upload/v1711979997/avatars/0t8KHWLAA9PK6MHxcCqS8qejClh8Wk.jpg"
    }
  },
  {
    "model": "accounts.CustomUser",
    "pk": 19,
    "fields": {
      "password": "pbkdf2_sha256$600000$miYClqd57dTfDJ7z4xkQDZ$sUX675jPNiA+iyspTgp/b3dnzP4wMuIQ4KPLr7C/Ptk=",
      "is_superuser": 1,
      "first_name": "John",
      "last_name": "Doe",
      "is_staff": 1,
      "is_active": 1,
      "email": "admin@admin.com",
      "is_dev": 0,
      "avatar": "https://res.cloudinary.com/dbpcaze0b/image/upload/v1711977624/avatars/kuehdldiq5ffkhzxg9ov.png"
    }
  },
  {
    "model": "accounts.CustomUser",
    "pk": 20,
    "fields": {
      "password": "pbkdf2_sha256$600000$8zOLezscDY72tlMzxozlNo$0+7XMz3dFHPyg9l/7t6TRBtbkZstGFaRmyab7DOt4OM=",
      "is_superuser": 1,
      "first_name": "Jane",
      "last_name": "Smith",
      "is_staff": 1,
      "is_active": 1,
      "email": "admin2@admin.com",
      "is_dev": 0,
      "avatar": "https://res.cloudinary.com/dbpcaze0b/image/upload/v1712677326/avatars/14_krledh.jpg"
    }
  },
  {
    "model": "accounts.CustomUser",
    "pk": 21,
    "fields": {
      "password": "pbkdf2_sha256$600000$u4vzKVE5f7lliWSMGCwy7u$XKfzZrsl3EP0JLeLgW9Tmks/nMKa3w3UM26r+e5GxU8=",
      "is_superuser": 1,
      "first_name": "Jack",
      "last_name": "Black",
      "is_staff": 1,
      "is_active": 1,
      "email": "admin3@admin.com",
      "is_dev": 0,
      "avatar": "https://res.cloudinary.com/dbpcaze0b/image/upload/v1712677323/avatars/11_xe7w4v.jpg"
    }
  },
  {
    "model": "programmers.ProgrammerProfile",
    "pk": 1,
    "fields": {
      "wage": 50,
      "description": "I'm the one of three creators of this app",
      "experience": "Junior",
      "portfolio": "https://github.com/jpol1",
      "programming_languages": "Python,SQL,HTML",
      "tech_stack": "Django,Git | GitHub",
      "phone": null,
      "user_id_id": 1
    }
  },
  {
    "model": "programmers.ProgrammerProfile",
    "pk": 2,
    "fields": {
      "wage": 40,
      "description": "I'm the one of three creators of this app",
      "experience": "Junior",
      "portfolio": "",
      "programming_languages": "Python,SQL,HTML",
      "tech_stack": "Django,Git | GitHub",
      "phone": null,
      "user_id_id": 2
    }
  },
  {
    "model": "programmers.ProgrammerProfile",
    "pk": 3,
    "fields": {
      "wage": 60,
      "description": "I'm the one of three creators of this app",
      "experience": "Junior",
      "portfolio": "https://github.com/OktawianCzakiert",
      "programming_languages": "Python,SQL",
      "tech_stack": "Django,FastAPI,Databases,Docker,Git | GitHub",
      "phone": null,
      "user_id_id": 3
    }
  },
  {
    "model": "programmers.ProgrammerProfile",
    "pk": 4,
    "fields": {
      "wage": 10,
      "description": "Lorem asperiores cumque deleniti dolorem excepturi, quos repellendus sint, suscipit tempora temporibus vero! Iure, laboriosam.",
      "experience": "Mid",
      "portfolio": "http://example.com",
      "programming_languages": "Python,SQL",
      "tech_stack": "Django,FastAPI,Databases,Docker,Git | GitHub",
      "phone": 587412123,
      "user_id_id": 4
    }
  },
  {
    "model": "programmers.ProgrammerProfile",
    "pk": 5,
    "fields": {
      "wage": 40,
      "description": "Lorem ipsum dolor sit amet, consectetur adipisicing elit. Asperiores cumque deleniti dolorem excepturi illo impedit in, obcaecati officia quas qui quod, quos repellendus sint, suscipit tempora temporibus vero! Iure, laboriosam.",
      "experience": "Senior",
      "portfolio": "http://example.com",
      "programming_languages": "Python,JavaScript",
      "tech_stack": "Django,Databases,Docker,Git | GitHub",
      "phone": 123456789,
      "user_id_id": 5
    }
  },
  {
    "model": "programmers.ProgrammerProfile",
    "pk": 6,
    "fields": {
      "wage": 60,
      "description": "Asperiores cumque deleniti dolorem excepturi illo impedit in, obcaecati officia quas qui quod, quos repellendus sint, suscipit tempora temporibus vero! Iure, laboriosam.",
      "experience": "Mid",
      "portfolio": "http://example.com",
      "programming_languages": "Python,Java",
      "tech_stack": "Django,Databases,Docker,Git | GitHub",
      "phone": 987654321,
      "user_id_id": 6
    }
  },
  {
    "model": "programmers.ProgrammerProfile",
    "pk": 7,
    "fields": {
      "wage": 70,
      "description": "Iure, laboriosam.",
      "experience": "Junior",
      "portfolio": "http://example.com",
      "programming_languages": "Python,SQL",
      "tech_stack": "Django,Flask,Databases,Docker,Git | GitHub",
      "phone": null,
      "user_id_id": 7
    }
  },
  {
    "model": "programmers.ProgrammerProfile",
    "pk": 8,
    "fields": {
      "wage": 20,
      "description": "Lorem asperiores cumque deleniti dolorem excepturi, quos repellendus sint, suscipit tempora temporibus vero! Iure, laboriosam.",
      "experience": "Junior",
      "portfolio": "http://example.com",
      "programming_languages": "Python,R",
      "tech_stack": "Django,FastAPI,Databases,Docker,Git | GitHub",
      "phone": 555555555,
      "user_id_id": 8
    }
  },
  {
    "model": "programmers.ProgrammerProfile",
    "pk": 9,
    "fields": {
      "wage": 90,
      "description": "Asperiores cumque deleniti dolorem excepturi illo impedit in, obcaecati officia quas qui quod, quos repellendus sint, suscipit tempora temporibus vero! Iure, laboriosam.",
      "experience": "Mid",
      "portfolio": "http://example.com",
      "programming_languages": "Python,C++",
      "tech_stack": "Django,Flask,FastAPI,Databases,Docker,Git | GitHub",
      "phone": 123123123,
      "user_id_id": 9
    }
  },
  {
    "model": "programmers.ProgrammerProfile",
    "pk": 10,
    "fields": {
      "wage": 30,
      "description": "Iure, laboriosam.",
      "experience": "Senior",
      "portfolio": "http://example.com",
      "programming_languages": "Python,JavaScript",
      "tech_stack": "Django,Flask,Databases,Docker,Git | GitHub",
      "phone": 321321321,
      "user_id_id": 10
    }
  },
  {
    "model": "programmers.ProgrammerProfile",
    "pk": 11,
    "fields": {
      "wage": 50,
      "description": "Lorem ipsum dolor sit amet, consectetur adipisicing elit. Asperiores cumque deleniti dolorem excepturi illo impedit in, obcaecati officia quas qui quod, quos repellendus sint, suscipit tempora temporibus vero! Iure, laboriosam.",
      "experience": "Junior",
      "portfolio": "http://example.com",
      "programming_languages": "Python,R",
      "tech_stack": "Django,Databases,Docker,Git | GitHub",
      "phone": 777777777,
      "user_id_id": 11
    }
  },
  {
    "model": "programmers.ProgrammerProfile",
    "pk": 12,
    "fields": {
      "wage": 70,
      "description": "Asperiores cumque deleniti dolorem excepturi illo impedit in, obcaecati officia quas qui quod, quos repellendus sint, suscipit tempora temporibus vero! Iure, laboriosam.",
      "experience": "Mid",
      "portfolio": "http://example.com",
      "programming_languages": "Python,Java",
      "tech_stack": "Django,Databases,Docker,Git | GitHub",
      "phone": 888888888,
      "user_id_id": 12
    }
  },
  {
    "model": "programmers.ProgrammerProfile",
    "pk": 13,
    "fields": {
      "wage": 80,
      "description": "Iure, laboriosam.",
      "experience": "Senior",
      "portfolio": "http://example.com",
      "programming_languages": "Python,C++",
      "tech_stack": "Django,Flask,FastAPI,Databases,Docker,Git | GitHub",
      "phone": null,
      "user_id_id": 13
    }
  },
  {
    "model": "programmers.ProgrammerProfile",
    "pk": 14,
    "fields": {
      "wage": 20,
      "description": "Lorem asperiores cumque deleniti dolorem excepturi, quos repellendus sint, suscipit tempora temporibus vero! Iure, laboriosam.",
      "experience": "Junior",
      "portfolio": "http://example.com",
      "programming_languages": "Python,Java",
      "tech_stack": "Django,FastAPI,Databases,Docker,Git | GitHub",
      "phone": 999999999,
      "user_id_id": 14
    }
  },
  {
    "model": "programmers.ProgrammerProfile",
    "pk": 15,
    "fields": {
      "wage": 90,
      "description": "Asperiores cumque deleniti dolorem excepturi illo impedit in, obcaecati officia quas qui quod, quos repellendus sint, suscipit tempora temporibus vero! Iure, laboriosam.",
      "experience": "Mid",
      "portfolio": "http://example.com",
      "programming_languages": "Python,JavaScript",
      "tech_stack": "Django,Flask,FastAPI,Databases,Docker,Git | GitHub",
      "phone": 123422789,
      "user_id_id": 15
    }
  },
  {
    "model": "programmers.ProgrammerProfile",
    "pk": 16,
    "fields": {
      "wage": 30,
      "description": "Iure, laboriosam.",
      "experience": "Senior",
      "portfolio": "http://example.com",
      "programming_languages": "Python,JavaScript",
      "tech_stack": "Django,Flask,Databases,Docker,Git | GitHub",
      "phone": 9876888321,
      "user_id_id": 16
    }
  },
  {
    "model": "programmers.ProgrammerProfile",
    "pk": 17,
    "fields": {
      "wage": 50,
      "description": "Lorem ipsum dolor sit amet, consectetur adipisicing elit. Asperiores cumque deleniti dolorem excepturi illo impedit in, obcaecati officia quas qui quod, quos repellendus sint, suscipit tempora temporibus vero! Iure, laboriosam.",
      "experience": "Junior",
      "portfolio": "http://example.com",
      "programming_languages": "Python,R",
      "tech_stack": "Django,FastAPI,Databases,Docker,Git | GitHub",
      "phone": 666666666,
      "user_id_id": 17
    }
  },
  {
    "model": "programmers.ProgrammerProfile",
    "pk": 18,
    "fields": {
      "wage": 70,
      "description": "Asperiores cumque deleniti dolorem excepturi illo impedit in, obcaecati officia quas qui quod, quos repellendus sint, suscipit tempora temporibus vero! Iure, laboriosam.",
      "experience": "Mid",
      "portfolio": "http://example.com",
      "programming_languages": "Python,Java",
      "tech_stack": "Django,Flask,FastAPI,Databases,Docker,Git | GitHub",
      "phone": null,
      "user_id_id": 18
    }
  },
  {
    "model": "programmers.Rating",
    "pk": 1,
    "fields": {
      "rating": 5,
      "programmer": 13,
      "user": 16
    }
  },
  {
    "model": "programmers.Rating",
    "pk": 2,
    "fields": {
      "rating": 2,
      "programmer": 18,
      "user": 16
    }
  },
  {
    "model": "programmers.Rating",
    "pk": 3,
    "fields": {
      "rating": 1,
      "programmer": 11,
      "user": 5
    }
  },
  {
    "model": "programmers.Rating",
    "pk": 4,
    "fields": {
      "rating": 5,
      "programmer": 10,
      "user": 10
    }
  },
  {
    "model": "programmers.Rating",
    "pk": 5,
    "fields": {
      "rating": 5,
      "programmer": 1,
      "user": 10
    }
  },
  {
    "model": "programmers.Rating",
    "pk": 6,
    "fields": {
      "rating": 4,
      "programmer": 14,
      "user": 10
    }
  },
  {
    "model": "programmers.Rating",
    "pk": 7,
    "fields": {
      "rating": 4,
      "programmer": 15,
      "user": 10
    }
  },
  {
    "model": "programmers.Rating",
    "pk": 8,
    "fields": {
      "rating": 5,
      "programmer": 18,
      "user": 3
    }
  },
  {
    "model": "programmers.Rating",
    "pk": 9,
    "fields": {
      "rating": 4,
      "programmer": 6,
      "user": 3
    }
  },
  {
    "model": "programmers.Rating",
    "pk": 10,
    "fields": {
      "rating": 5,
      "programmer": 14,
      "user": 3
    }
  },
  {
    "model": "programmers.Rating",
    "pk": 11,
    "fields": {
      "rating": 5,
      "programmer": 2,
      "user": 3
    }
  },
  {
    "model": "programmers.Rating",
    "pk": 12,
    "fields": {
      "rating": 4,
      "programmer": 7,
      "user": 18
    }
  },
  {
    "model": "programmers.Rating",
    "pk": 13,
    "fields": {
      "rating": 3,
      "programmer": 4,
      "user": 18
    }
  },
  {
    "model": "programmers.Rating",
    "pk": 14,
    "fields": {
      "rating": 2,
      "programmer": 18,
      "user": 18
    }
  },
  {
    "model": "programmers.Rating",
    "pk": 15,
    "fields": {
      "rating": 5,
      "programmer": 1,
      "user": 18
    }
  },
  {
    "model": "programmers.Rating",
    "pk": 16,
    "fields": {
      "rating": 2,
      "programmer": 9,
      "user": 16
    }
  },
  {
    "model": "programmers.Rating",
    "pk": 17,
    "fields": {
      "rating": 1,
      "programmer": 14,
      "user": 3
    }
  },
  {
    "model": "programmers.Rating",
    "pk": 18,
    "fields": {
      "rating": 2,
      "programmer": 8,
      "user": 7
    }
  },
  {
    "model": "programmers.Rating",
    "pk": 19,
    "fields": {
      "rating": 3,
      "programmer": 10,
      "user": 7
    }
  },
  {
    "model": "programmers.Rating",
    "pk": 20,
    "fields": {
      "rating": 3,
      "programmer": 18,
      "user": 7
    }
  },
  {
    "model": "programmers.Rating",
    "pk": 21,
    "fields": {
      "rating": 2,
      "programmer": 14,
      "user": 7
    }
  },
  {
    "model": "programmers.Rating",
    "pk": 22,
    "fields": {
      "rating": 5,
      "programmer": 6,
      "user": 12
    }
  },
  {
    "model": "programmers.Rating",
    "pk": 23,
    "fields": {
      "rating": 5,
      "programmer": 2,
      "user": 17
    }
  },
  {
    "model": "programmers.Rating",
    "pk": 24,
    "fields": {
      "rating": 3,
      "programmer": 12,
      "user": 17
    }
  },
  {
    "model": "programmers.Rating",
    "pk": 25,
    "fields": {
      "rating": 5,
      "programmer": 5,
      "user": 17
    }
  },
  {
    "model": "programmers.Rating",
    "pk": 26,
    "fields": {
      "rating": 2,
      "programmer": 15,
      "user": 7
    }
  },
  {
    "model": "programmers.Rating",
    "pk": 27,
    "fields": {
      "rating": 5,
      "programmer": 2,
      "user": 7
    }
  },
  {
    "model": "programmers.Rating",
    "pk": 28,
    "fields": {
      "rating": 3,
      "programmer": 12,
      "user": 11
    }
  },
  {
    "model": "programmers.Rating",
    "pk": 29,
    "fields": {
      "rating": 5,
      "programmer": 15,
      "user": 11
    }
  },
  {
    "model": "programmers.Rating",
    "pk": 30,
    "fields": {
      "rating": 2,
      "programmer": 18,
      "user": 14
    }
  },
  {
    "model": "programmers.Rating",
    "pk": 31,
    "fields": {
      "rating": 5,
      "programmer": 4,
      "user": 14
    }
  },
  {
    "model": "programmers.Rating",
    "pk": 32,
    "fields": {
      "rating": 4,
      "programmer": 12,
      "user": 14
    }
  },
  {
    "model": "programmers.Rating",
    "pk": 33,
    "fields": {
      "rating": 5,
      "programmer": 5,
      "user": 9
    }
  },
  {
    "model": "programmers.Rating",
    "pk": 34,
    "fields": {
      "rating": 4,
      "programmer": 18,
      "user": 9
    }
  },
  {
    "model": "programmers.Rating",
    "pk": 35,
    "fields": {
      "rating": 4,
      "programmer": 14,
      "user": 9
    }
  },
  {
    "model": "programmers.Rating",
    "pk": 36,
    "fields": {
      "rating": 1,
      "programmer": 12,
      "user": 9
    }
  },
  {
    "model": "programmers.Rating",
    "pk": 37,
    "fields": {
      "rating": 5,
      "programmer": 1,
      "user": 12
    }
  },
  {
    "model": "programmers.Rating",
    "pk": 38,
    "fields": {
      "rating": 1,
      "programmer": 18,
      "user": 12
    }
  },
  {
    "model": "programmers.Rating",
    "pk": 39,
    "fields": {
      "rating": 2,
      "programmer": 12,
      "user": 12
    }
  },
  {
    "model": "programmers.Rating",
    "pk": 40,
    "fields": {
      "rating": 2,
      "programmer": 12,
      "user": 7
    }
  },
  {
    "model": "programmers.Rating",
    "pk": 41,
    "fields": {
      "rating": 5,
      "programmer": 18,
      "user": 7
    }
  },
  {
    "model": "programmers.Rating",
    "pk": 42,
    "fields": {
      "rating": 4,
      "programmer": 4,
      "user": 18
    }
  },
  {
    "model": "programmers.Rating",
    "pk": 43,
    "fields": {
      "rating": 1,
      "programmer": 17,
      "user": 16
    }
  },
  {
    "model": "programmers.Rating",
    "pk": 44,
    "fields": {
      "rating": 5,
      "programmer": 4,
      "user": 16
    }
  },
  {
    "model": "programmers.Rating",
    "pk": 45,
    "fields": {
      "rating": 3,
      "programmer": 4,
      "user": 5
    }
  },
  {
    "model": "programmers.Rating",
    "pk": 46,
    "fields": {
      "rating": 5,
      "programmer": 16,
      "user": 5
    }
  },
  {
    "model": "programmers.Rating",
    "pk": 47,
    "fields": {
      "rating": 3,
      "programmer": 17,
      "user": 5
    }
  },
  {
    "model": "programmers.Rating",
    "pk": 48,
    "fields": {
      "rating": 5,
      "programmer": 1,
      "user": 5
    }
  },
  {
    "model": "programmers.Rating",
    "pk": 49,
    "fields": {
      "rating": 4,
      "programmer": 9,
      "user": 9
    }
  },
  {
    "model": "programmers.Rating",
    "pk": 50,
    "fields": {
      "rating": 5,
      "programmer": 2,
      "user": 9
    }
  },
  {
    "model": "programmers.Rating",
    "pk": 51,
    "fields": {
      "rating": 4,
      "programmer": 12,
      "user": 9
    }
  },
  {
    "model": "programmers.Rating",
    "pk": 52,
    "fields": {
      "rating": 5,
      "programmer": 3,
      "user": 9
    }
  },
  {
    "model": "programmers.Rating",
    "pk": 53,
    "fields": {
      "rating": 5,
      "programmer": 2,
      "user": 8
    }
  },
  {
    "model": "programmers.Rating",
    "pk": 54,
    "fields": {
      "rating": 1,
      "programmer": 13,
      "user": 8
    }
  },
  {
    "model": "programmers.Rating",
    "pk": 55,
    "fields": {
      "rating": 4,
      "programmer": 7,
      "user": 8
    }
  },
  {
    "model": "programmers.Rating",
    "pk": 56,
    "fields": {
      "rating": 2,
      "programmer": 9,
      "user": 16
    }
  },
  {
    "model": "programmers.Rating",
    "pk": 57,
    "fields": {
      "rating": 5,
      "programmer": 14,
      "user": 16
    }
  },
  {
    "model": "programmers.Rating",
    "pk": 58,
    "fields": {
      "rating": 5,
      "programmer": 1,
      "user": 16
    }
  },
  {
    "model": "programmers.Rating",
    "pk": 59,
    "fields": {
      "rating": 1,
      "programmer": 13,
      "user": 10
    }
  },
  {
    "model": "programmers.Rating",
    "pk": 60,
    "fields": {
      "rating": 1,
      "programmer": 4,
      "user": 10
    }
  },
  {
    "model": "programmers.Rating",
    "pk": 61,
    "fields": {
      "rating": 3,
      "programmer": 12,
      "user": 10
    }
  },
  {
    "model": "programmers.Rating",
    "pk": 62,
    "fields": {
      "rating": 5,
      "programmer": 2,
      "user": 3
    }
  },
  {
    "model": "programmers.Rating",
    "pk": 63,
    "fields": {
      "rating": 4,
      "programmer": 7,
      "user": 3
    }
  },
  {
    "model": "programmers.Rating",
    "pk": 64,
    "fields": {
      "rating": 4,
      "programmer": 9,
      "user": 3
    }
  },
  {
    "model": "programmers.Rating",
    "pk": 65,
    "fields": {
      "rating": 5,
      "programmer": 3,
      "user": 18
    }
  },
  {
    "model": "programmers.Rating",
    "pk": 66,
    "fields": {
      "rating": 5,
      "programmer": 1,
      "user": 18
    }
  },
  {
    "model": "programmers.Rating",
    "pk": 67,
    "fields": {
      "rating": 2,
      "programmer": 5,
      "user": 18
    }
  },
  {
    "model": "programmers.Rating",
    "pk": 68,
    "fields": {
      "rating": 2,
      "programmer": 14,
      "user": 18
    }
  },
  {
    "model": "programmers.Rating",
    "pk": 69,
    "fields": {
      "rating": 1,
      "programmer": 17,
      "user": 1
    }
  },
  {
    "model": "programmers.Rating",
    "pk": 70,
    "fields": {
      "rating": 5,
      "programmer": 2,
      "user": 1
    }
  },
  {
    "model": "programmers.Rating",
    "pk": 71,
    "fields": {
      "rating": 1,
      "programmer": 4,
      "user": 1
    }
  },
  {
    "model": "programmers.Rating",
    "pk": 72,
    "fields": {
      "rating": 5,
      "programmer": 5,
      "user": 1
    }
  },
  {
    "model": "programmers.Rating",
    "pk": 73,
    "fields": {
      "rating": 2,
      "programmer": 8,
      "user": 8
    }
  },
  {
    "model": "programmers.Rating",
    "pk": 74,
    "fields": {
      "rating": 3,
      "programmer": 7,
      "user": 18
    }
  },
  {
    "model": "programmers.Rating",
    "pk": 75,
    "fields": {
      "rating": 2,
      "programmer": 17,
      "user": 18
    }
  },
  {
    "model": "programmers.Rating",
    "pk": 76,
    "fields": {
      "rating": 2,
      "programmer": 18,
      "user": 18
    }
  },
  {
    "model": "programmers.Rating",
    "pk": 77,
    "fields": {
      "rating": 1,
      "programmer": 12,
      "user": 18
    }
  },
  {
    "model": "programmers.Rating",
    "pk": 78,
    "fields": {
      "rating": 5,
      "programmer": 3,
      "user": 11
    }
  },
  {
    "model": "programmers.Rating",
    "pk": 79,
    "fields": {
      "rating": 2,
      "programmer": 6,
      "user": 11
    }
  },
  {
    "model": "programmers.Rating",
    "pk": 80,
    "fields": {
      "rating": 2,
      "programmer": 4,
      "user": 17
    }
  },
  {
    "model": "programmers.Rating",
    "pk": 81,
    "fields": {
      "rating": 5,
      "programmer": 18,
      "user": 17
    }
  },
  {
    "model": "programmers.Rating",
    "pk": 82,
    "fields": {
      "rating": 1,
      "programmer": 10,
      "user": 17
    }
  },
  {
    "model": "programmers.Rating",
    "pk": 83,
    "fields": {
      "rating": 5,
      "programmer": 2,
      "user": 14
    }
  },
  {
    "model": "programmers.Rating",
    "pk": 84,
    "fields": {
      "rating": 1,
      "programmer": 10,
      "user": 15
    }
  },
  {
    "model": "programmers.Rating",
    "pk": 85,
    "fields": {
      "rating": 5,
      "programmer": 1,
      "user": 15
    }
  },
  {
    "model": "programmers.Rating",
    "pk": 86,
    "fields": {
      "rating": 2,
      "programmer": 4,
      "user": 15
    }
  },
  {
    "model": "programmers.Rating",
    "pk": 87,
    "fields": {
      "rating": 5,
      "programmer": 3,
      "user": 6
    }
  },
  {
    "model": "programmers.Rating",
    "pk": 88,
    "fields": {
      "rating": 2,
      "programmer": 16,
      "user": 6
    }
  },
  {
    "model": "programmers.Rating",
    "pk": 89,
    "fields": {
      "rating": 1,
      "programmer": 14,
      "user": 6
    }
  },
  {
    "model": "programmers.Rating",
    "pk": 90,
    "fields": {
      "rating": 1,
      "programmer": 9,
      "user": 6
    }
  },
  {
    "model": "programmers.Rating",
    "pk": 91,
    "fields": {
      "rating": 2,
      "programmer": 15,
      "user": 6
    }
  },
  {
    "model": "programmers.Rating",
    "pk": 92,
    "fields": {
      "rating": 5,
      "programmer": 3,
      "user": 7
    }
  },
  {
    "model": "programmers.Rating",
    "pk": 93,
    "fields": {
      "rating": 1,
      "programmer": 17,
      "user": 7
    }
  },
  {
    "model": "programmers.Rating",
    "pk": 94,
    "fields": {
      "rating": 1,
      "programmer": 13,
      "user": 7
    }
  },
  {
    "model": "programmers.Rating",
    "pk": 95,
    "fields": {
      "rating": 4,
      "programmer": 5,
      "user": 7
    }
  },
  {
    "model": "programmers.Rating",
    "pk": 96,
    "fields": {
      "rating": 5,
      "programmer": 13,
      "user": 5
    }
  },
  {
    "model": "programmers.Rating",
    "pk": 97,
    "fields": {
      "rating": 5,
      "programmer": 6,
      "user": 5
    }
  },
  {
    "model": "programmers.Rating",
    "pk": 98,
    "fields": {
      "rating": 3,
      "programmer": 16,
      "user": 5
    }
  },
  {
    "model": "programmers.Rating",
    "pk": 99,
    "fields": {
      "rating": 3,
      "programmer": 17,
      "user": 14
    }
  },
  {
    "model": "programmers.Rating",
    "pk": 100,
    "fields": {
      "rating": 1,
      "programmer": 8,
      "user": 14
    }
  },
  {
    "model": "programmers.Rating",
    "pk": 101,
    "fields": {
      "rating": 5,
      "programmer": 1,
      "user": 13
    }
  },
  {
    "model": "programmers.Rating",
    "pk": 102,
    "fields": {
      "rating": 1,
      "programmer": 12,
      "user": 13
    }
  },
  {
    "model": "programmers.Rating",
    "pk": 103,
    "fields": {
      "rating": 3,
      "programmer": 13,
      "user": 13
    }
  },
  {
    "model": "programmers.Rating",
    "pk": 104,
    "fields": {
      "rating": 3,
      "programmer": 7,
      "user": 7
    }
  },
  {
    "model": "programmers.Rating",
    "pk": 105,
    "fields": {
      "rating": 5,
      "programmer": 14,
      "user": 7
    }
  },
  {
    "model": "programmers.Rating",
    "pk": 106,
    "fields": {
      "rating": 5,
      "programmer": 2,
      "user": 9
    }
  },
  {
    "model": "programmers.Rating",
    "pk": 107,
    "fields": {
      "rating": 1,
      "programmer": 10,
      "user": 15
    }
  },
  {
    "model": "programmers.Rating",
    "pk": 108,
    "fields": {
      "rating": 5,
      "programmer": 2,
      "user": 15
    }
  },
  {
    "model": "programmers.Rating",
    "pk": 109,
    "fields": {
      "rating": 2,
      "programmer": 18,
      "user": 15
    }
  },
  {
    "model": "programmers.Rating",
    "pk": 110,
    "fields": {
      "rating": 5,
      "programmer": 17,
      "user": 6
    }
  },
  {
    "model": "programmers.Rating",
    "pk": 111,
    "fields": {
      "rating": 5,
      "programmer": 3,
      "user": 6
    }
  },
  {
    "model": "programmers.Rating",
    "pk": 112,
    "fields": {
      "rating": 3,
      "programmer": 13,
      "user": 6
    }
  },
  {
    "model": "programmers.Rating",
    "pk": 113,
    "fields": {
      "rating": 1,
      "programmer": 15,
      "user": 6
    }
  },
  {
    "model": "programmers.Rating",
    "pk": 114,
    "fields": {
      "rating": 1,
      "programmer": 17,
      "user": 12
    }
  },
  {
    "model": "programmers.Rating",
    "pk": 115,
    "fields": {
      "rating": 2,
      "programmer": 6,
      "user": 12
    }
  },
  {
    "model": "programmers.Rating",
    "pk": 116,
    "fields": {
      "rating": 1,
      "programmer": 11,
      "user": 12
    }
  },
  {
    "model": "programmers.Rating",
    "pk": 117,
    "fields": {
      "rating": 1,
      "programmer": 18,
      "user": 8
    }
  },
  {
    "model": "programmers.Rating",
    "pk": 118,
    "fields": {
      "rating": 5,
      "programmer": 9,
      "user": 11
    }
  },
  {
    "model": "programmers.Rating",
    "pk": 119,
    "fields": {
      "rating": 5,
      "programmer": 3,
      "user": 11
    }
  },
  {
    "model": "programmers.Rating",
    "pk": 120,
    "fields": {
      "rating": 1,
      "programmer": 4,
      "user": 11
    }
  },
  {
    "model": "programmers.Rating",
    "pk": 121,
    "fields": {
      "rating": 4,
      "programmer": 11,
      "user": 11
    }
  },
  {
    "model": "programmers.Rating",
    "pk": 122,
    "fields": {
      "rating": 5,
      "programmer": 2,
      "user": 11
    }
  },
  {
    "model": "programmers.Rating",
    "pk": 123,
    "fields": {
      "rating": 1,
      "programmer": 14,
      "user": 17
    }
  },
  {
    "model": "programmers.Rating",
    "pk": 124,
    "fields": {
      "rating": 3,
      "programmer": 12,
      "user": 17
    }
  },
  {
    "model": "programmers.Rating",
    "pk": 125,
    "fields": {
      "rating": 2,
      "programmer": 16,
      "user": 17
    }
  },
  {
    "model": "programmers.Rating",
    "pk": 126,
    "fields": {
      "rating": 1,
      "programmer": 4,
      "user": 17
    }
  },
  {
    "model": "programmers.Rating",
    "pk": 127,
    "fields": {
      "rating": 5,
      "programmer": 2,
      "user": 17
    }
  },
  {
    "model": "programmers.Rating",
    "pk": 128,
    "fields": {
      "rating": 1,
      "programmer": 12,
      "user": 6
    }
  },
  {
    "model": "programmers.Rating",
    "pk": 129,
    "fields": {
      "rating": 2,
      "programmer": 5,
      "user": 18
    }
  },
  {
    "model": "programmers.Rating",
    "pk": 130,
    "fields": {
      "rating": 2,
      "programmer": 12,
      "user": 18
    }
  },
  {
    "model": "programmers.Rating",
    "pk": 131,
    "fields": {
      "rating": 2,
      "programmer": 13,
      "user": 18
    }
  },
  {
    "model": "programmers.Rating",
    "pk": 132,
    "fields": {
      "rating": 3,
      "programmer": 5,
      "user": 4
    }
  },
  {
    "model": "programmers.Rating",
    "pk": 133,
    "fields": {
      "rating": 2,
      "programmer": 7,
      "user": 4
    }
  },
  {
    "model": "programmers.Rating",
    "pk": 134,
    "fields": {
      "rating": 4,
      "programmer": 18,
      "user": 4
    }
  },
  {
    "model": "programmers.Rating",
    "pk": 135,
    "fields": {
      "rating": 4,
      "programmer": 13,
      "user": 4
    }
  },
  {
    "model": "programmers.Rating",
    "pk": 136,
    "fields": {
      "rating": 5,
      "programmer": 18,
      "user": 5
    }
  },
  {
    "model": "programmers.Rating",
    "pk": 137,
    "fields": {
      "rating": 5,
      "programmer": 7,
      "user": 5
    }
  },
  {
    "model": "programmers.Rating",
    "pk": 138,
    "fields": {
      "rating": 2,
      "programmer": 15,
      "user": 5
    }
  },
  {
    "model": "programmers.Rating",
    "pk": 139,
    "fields": {
      "rating": 3,
      "programmer": 16,
      "user": 10
    }
  },
  {
    "model": "programmers.Rating",
    "pk": 140,
    "fields": {
      "rating": 2,
      "programmer": 11,
      "user": 10
    }
  },
  {
    "model": "programmers.Rating",
    "pk": 141,
    "fields": {
      "rating": 5,
      "programmer": 3,
      "user": 10
    }
  },
  {
    "model": "programmers.Rating",
    "pk": 142,
    "fields": {
      "rating": 5,
      "programmer": 18,
      "user": 10
    }
  },
  {
    "model": "programmers.Rating",
    "pk": 143,
    "fields": {
      "rating": 1,
      "programmer": 15,
      "user": 6
    }
  },
  {
    "model": "programmers.Rating",
    "pk": 144,
    "fields": {
      "rating": 2,
      "programmer": 12,
      "user": 6
    }
  },
  {
    "model": "programmers.Rating",
    "pk": 145,
    "fields": {
      "rating": 2,
      "programmer": 11,
      "user": 6
    }
  },
  {
    "model": "programmers.Rating",
    "pk": 146,
    "fields": {
      "rating": 2,
      "programmer": 16,
      "user": 6
    }
  },
  {
    "model": "programmers.Rating",
    "pk": 147,
    "fields": {
      "rating": 3,
      "programmer": 9,
      "user": 6
    }
  },
  {
    "model": "programmers.Rating",
    "pk": 148,
    "fields": {
      "rating": 1,
      "programmer": 7,
      "user": 14
    }
  },
  {
    "model": "programmers.Rating",
    "pk": 149,
    "fields": {
      "rating": 5,
      "programmer": 3,
      "user": 15
    }
  },
  {
    "model": "programmers.Rating",
    "pk": 150,
    "fields": {
      "rating": 5,
      "programmer": 1,
      "user": 12
    }
  },
  {
    "model": "programmers.Rating",
    "pk": 151,
    "fields": {
      "rating": 4,
      "programmer": 8,
      "user": 12
    }
  },
  {
    "model": "programmers.Rating",
    "pk": 152,
    "fields": {
      "rating": 3,
      "programmer": 16,
      "user": 4
    }
  },
  {
    "model": "programmers.Rating",
    "pk": 153,
    "fields": {
      "rating": 5,
      "programmer": 16,
      "user": 15
    }
  },
  {
    "model": "programmers.Rating",
    "pk": 154,
    "fields": {
      "rating": 2,
      "programmer": 15,
      "user": 15
    }
  },
  {
    "model": "programmers.Rating",
    "pk": 155,
    "fields": {
      "rating": 5,
      "programmer": 1,
      "user": 15
    }
  },
  {
    "model": "programmers.Rating",
    "pk": 156,
    "fields": {
      "rating": 5,
      "programmer": 14,
      "user": 3
    }
  },
  {
    "model": "programmers.Rating",
    "pk": 157,
    "fields": {
      "rating": 4,
      "programmer": 8,
      "user": 3
    }
  },
  {
    "model": "programmers.Rating",
    "pk": 158,
    "fields": {
      "rating": 1,
      "programmer": 17,
      "user": 8
    }
  },
  {
    "model": "programmers.Rating",
    "pk": 159,
    "fields": {
      "rating": 1,
      "programmer": 12,
      "user": 8
    }
  },
  {
    "model": "programmers.Rating",
    "pk": 160,
    "fields": {
      "rating": 3,
      "programmer": 15,
      "user": 8
    }
  },
  {
    "model": "programmers.Rating",
    "pk": 161,
    "fields": {
      "rating": 1,
      "programmer": 17,
      "user": 16
    }
  },
  {
    "model": "programmers.Rating",
    "pk": 162,
    "fields": {
      "rating": 5,
      "programmer": 3,
      "user": 16
    }
  },
  {
    "model": "programmers.Rating",
    "pk": 163,
    "fields": {
      "rating": 2,
      "programmer": 4,
      "user": 16
    }
  },
  {
    "model": "programmers.Rating",
    "pk": 164,
    "fields": {
      "rating": 3,
      "programmer": 12,
      "user": 16
    }
  },
  {
    "model": "programmers.Rating",
    "pk": 165,
    "fields": {
      "rating": 5,
      "programmer": 2,
      "user": 16
    }
  },
  {
    "model": "programmers.Rating",
    "pk": 166,
    "fields": {
      "rating": 2,
      "programmer": 15,
      "user": 10
    }
  },
  {
    "model": "programmers.Rating",
    "pk": 167,
    "fields": {
      "rating": 2,
      "programmer": 10,
      "user": 13
    }
  },
  {
    "model": "programmers.Rating",
    "pk": 168,
    "fields": {
      "rating": 5,
      "programmer": 3,
      "user": 13
    }
  },
  {
    "model": "programmers.Rating",
    "pk": 169,
    "fields": {
      "rating": 5,
      "programmer": 10,
      "user": 5
    }
  },
  {
    "model": "programmers.Rating",
    "pk": 170,
    "fields": {
      "rating": 3,
      "programmer": 9,
      "user": 3
    }
  },
  {
    "model": "programmers.Rating",
    "pk": 171,
    "fields": {
      "rating": 2,
      "programmer": 11,
      "user": 3
    }
  },
  {
    "model": "programmers.Rating",
    "pk": 172,
    "fields": {
      "rating": 3,
      "programmer": 15,
      "user": 3
    }
  },
  {
    "model": "programmers.Rating",
    "pk": 173,
    "fields": {
      "rating": 1,
      "programmer": 12,
      "user": 3
    }
  },
  {
    "model": "programmers.Rating",
    "pk": 174,
    "fields": {
      "rating": 5,
      "programmer": 10,
      "user": 3
    }
  },
  {
    "model": "programmers.Rating",
    "pk": 175,
    "fields": {
      "rating": 2,
      "programmer": 7,
      "user": 15
    }
  },
  {
    "model": "programmers.Rating",
    "pk": 176,
    "fields": {
      "rating": 3,
      "programmer": 5,
      "user": 15
    }
  },
  {
    "model": "programmers.Rating",
    "pk": 177,
    "fields": {
      "rating": 5,
      "programmer": 2,
      "user": 16
    }
  },
  {
    "model": "programmers.Rating",
    "pk": 178,
    "fields": {
      "rating": 3,
      "programmer": 8,
      "user": 8
    }
  },
  {
    "model": "programmers.Rating",
    "pk": 179,
    "fields": {
      "rating": 4,
      "programmer": 11,
      "user": 18
    }
  },
  {
    "model": "programmers.Rating",
    "pk": 180,
    "fields": {
      "rating": 5,
      "programmer": 2,
      "user": 18
    }
  },
  {
    "model": "programmers.Rating",
    "pk": 181,
    "fields": {
      "rating": 5,
      "programmer": 16,
      "user": 18
    }
  },
  {
    "model": "programmers.Rating",
    "pk": 182,
    "fields": {
      "rating": 5,
      "programmer": 10,
      "user": 18
    }
  },
  {
    "model": "programmers.Rating",
    "pk": 183,
    "fields": {
      "rating": 5,
      "programmer": 1,
      "user": 18
    }
  },
  {
    "model": "programmers.Rating",
    "pk": 184,
    "fields": {
      "rating": 2,
      "programmer": 7,
      "user": 18
    }
  },
  {
    "model": "programmers.Rating",
    "pk": 185,
    "fields": {
      "rating": 4,
      "programmer": 14,
      "user": 18
    }
  },
  {
    "model": "programmers.Rating",
    "pk": 186,
    "fields": {
      "rating": 4,
      "programmer": 15,
      "user": 18
    }
  },
  {
    "model": "programmers.Rating",
    "pk": 187,
    "fields": {
      "rating": 3,
      "programmer": 17,
      "user": 9
    }
  },
  {
    "model": "programmers.Rating",
    "pk": 188,
    "fields": {
      "rating": 5,
      "programmer": 2,
      "user": 9
    }
  },
  {
    "model": "programmers.Rating",
    "pk": 189,
    "fields": {
      "rating": 2,
      "programmer": 13,
      "user": 9
    }
  },
  {
    "model": "programmers.Rating",
    "pk": 190,
    "fields": {
      "rating": 5,
      "programmer": 3,
      "user": 9
    }
  },
  {
    "model": "programmers.Rating",
    "pk": 191,
    "fields": {
      "rating": 3,
      "programmer": 16,
      "user": 15
    }
  },
  {
    "model": "programmers.Rating",
    "pk": 192,
    "fields": {
      "rating": 5,
      "programmer": 9,
      "user": 15
    }
  },
  {
    "model": "programmers.Rating",
    "pk": 193,
    "fields": {
      "rating": 2,
      "programmer": 13,
      "user": 15
    }
  },
  {
    "model": "programmers.Rating",
    "pk": 194,
    "fields": {
      "rating": 2,
      "programmer": 14,
      "user": 4
    }
  },
  {
    "model": "programmers.Rating",
    "pk": 195,
    "fields": {
      "rating": 4,
      "programmer": 9,
      "user": 4
    }
  },
  {
    "model": "programmers.Rating",
    "pk": 196,
    "fields": {
      "rating": 4,
      "programmer": 11,
      "user": 4
    }
  },
  {
    "model": "programmers.Rating",
    "pk": 197,
    "fields": {
      "rating": 4,
      "programmer": 6,
      "user": 4
    }
  },
  {
    "model": "programmers.Rating",
    "pk": 198,
    "fields": {
      "rating": 2,
      "programmer": 4,
      "user": 4
    }
  },
  {
    "model": "programmers.Rating",
    "pk": 199,
    "fields": {
      "rating": 4,
      "programmer": 15,
      "user": 5
    }
  },
  {
    "model": "programmers.Rating",
    "pk": 200,
    "fields": {
      "rating": 3,
      "programmer": 7,
      "user": 5
    }
  },
  {
    "model": "programmers.Rating",
    "pk": 201,
    "fields": {
      "rating": 4,
      "programmer": 14,
      "user": 5
    }
  },
  {
    "model": "programmers.Rating",
    "pk": 202,
    "fields": {
      "rating": 2,
      "programmer": 8,
      "user": 5
    }
  },
  {
    "model": "programmers.Rating",
    "pk": 203,
    "fields": {
      "rating": 5,
      "programmer": 14,
      "user": 4
    }
  },
  {
    "model": "programmers.Rating",
    "pk": 204,
    "fields": {
      "rating": 3,
      "programmer": 8,
      "user": 10
    }
  },
  {
    "model": "programmers.Rating",
    "pk": 205,
    "fields": {
      "rating": 3,
      "programmer": 16,
      "user": 13
    }
  },
  {
    "model": "programmers.Rating",
    "pk": 206,
    "fields": {
      "rating": 5,
      "programmer": 3,
      "user": 14
    }
  },
  {
    "model": "programmers.Rating",
    "pk": 207,
    "fields": {
      "rating": 3,
      "programmer": 16,
      "user": 14
    }
  },
  {
    "model": "programmers.Rating",
    "pk": 208,
    "fields": {
      "rating": 4,
      "programmer": 4,
      "user": 14
    }
  },
  {
    "model": "programmers.Rating",
    "pk": 209,
    "fields": {
      "rating": 3,
      "programmer": 6,
      "user": 14
    }
  },
  {
    "model": "programmers.Rating",
    "pk": 210,
    "fields": {
      "rating": 5,
      "programmer": 15,
      "user": 16
    }
  },
  {
    "model": "programmers.Rating",
    "pk": 211,
    "fields": {
      "rating": 3,
      "programmer": 5,
      "user": 16
    }
  },
  {
    "model": "programmers.Rating",
    "pk": 212,
    "fields": {
      "rating": 3,
      "programmer": 18,
      "user": 16
    }
  },
  {
    "model": "programmers.Rating",
    "pk": 213,
    "fields": {
      "rating": 5,
      "programmer": 8,
      "user": 16
    }
  },
  {
    "model": "programmers.Rating",
    "pk": 214,
    "fields": {
      "rating": 2,
      "programmer": 10,
      "user": 7
    }
  },
  {
    "model": "programmers.Rating",
    "pk": 215,
    "fields": {
      "rating": 1,
      "programmer": 14,
      "user": 7
    }
  },
  {
    "model": "programmers.Rating",
    "pk": 216,
    "fields": {
      "rating": 5,
      "programmer": 5,
      "user": 7
    }
  },
  {
    "model": "programmers.Rating",
    "pk": 217,
    "fields": {
      "rating": 5,
      "programmer": 12,
      "user": 7
    }
  },
  {
    "model": "programmers.Rating",
    "pk": 218,
    "fields": {
      "rating": 1,
      "programmer": 11,
      "user": 14
    }
  },
  {
    "model": "programmers.Rating",
    "pk": 219,
    "fields": {
      "rating": 3,
      "programmer": 16,
      "user": 14
    }
  },
  {
    "model": "programmers.Rating",
    "pk": 220,
    "fields": {
      "rating": 4,
      "programmer": 7,
      "user": 12
    }
  },
  {
    "model": "programmers.Rating",
    "pk": 221,
    "fields": {
      "rating": 5,
      "programmer": 1,
      "user": 12
    }
  },
  {
    "model": "programmers.Rating",
    "pk": 222,
    "fields": {
      "rating": 1,
      "programmer": 13,
      "user": 2
    }
  },
  {
    "model": "programmers.Rating",
    "pk": 223,
    "fields": {
      "rating": 3,
      "programmer": 15,
      "user": 2
    }
  },
  {
    "model": "programmers.Rating",
    "pk": 224,
    "fields": {
      "rating": 3,
      "programmer": 5,
      "user": 2
    }
  },
  {
    "model": "programmers.Rating",
    "pk": 225,
    "fields": {
      "rating": 4,
      "programmer": 16,
      "user": 2
    }
  },
  {
    "model": "programmers.Rating",
    "pk": 226,
    "fields": {
      "rating": 1,
      "programmer": 6,
      "user": 2
    }
  },
  {
    "model": "programmers.Rating",
    "pk": 227,
    "fields": {
      "rating": 2,
      "programmer": 9,
      "user": 3
    }
  },
  {
    "model": "programmers.Rating",
    "pk": 228,
    "fields": {
      "rating": 5,
      "programmer": 4,
      "user": 3
    }
  },
  {
    "model": "programmers.Rating",
    "pk": 229,
    "fields": {
      "rating": 5,
      "programmer": 2,
      "user": 3
    }
  },
  {
    "model": "programmers.Rating",
    "pk": 230,
    "fields": {
      "rating": 1,
      "programmer": 8,
      "user": 3
    }
  },
  {
    "model": "programmers.Rating",
    "pk": 231,
    "fields": {
      "rating": 2,
      "programmer": 7,
      "user": 11
    }
  },
  {
    "model": "programmers.Rating",
    "pk": 232,
    "fields": {
      "rating": 1,
      "programmer": 10,
      "user": 11
    }
  },
  {
    "model": "programmers.Rating",
    "pk": 233,
    "fields": {
      "rating": 5,
      "programmer": 11,
      "user": 11
    }
  },
  {
    "model": "programmers.Rating",
    "pk": 234,
    "fields": {
      "rating": 4,
      "programmer": 15,
      "user": 11
    }
  },
  {
    "model": "programmers.Rating",
    "pk": 235,
    "fields": {
      "rating": 4,
      "programmer": 12,
      "user": 11
    }
  },
  {
    "model": "programmers.Rating",
    "pk": 236,
    "fields": {
      "rating": 4,
      "programmer": 4,
      "user": 14
    }
  },
  {
    "model": "programmers.Rating",
    "pk": 237,
    "fields": {
      "rating": 2,
      "programmer": 9,
      "user": 14
    }
  },
  {
    "model": "programmers.Rating",
    "pk": 238,
    "fields": {
      "rating": 4,
      "programmer": 11,
      "user": 14
    }
  },
  {
    "model": "programmers.Rating",
    "pk": 239,
    "fields": {
      "rating": 4,
      "programmer": 7,
      "user": 14
    }
  },
  {
    "model": "programmers.Rating",
    "pk": 240,
    "fields": {
      "rating": 5,
      "programmer": 12,
      "user": 5
    }
  },
  {
    "model": "programmers.Rating",
    "pk": 241,
    "fields": {
      "rating": 5,
      "programmer": 11,
      "user": 5
    }
  },
  {
    "model": "programmers.Rating",
    "pk": 242,
    "fields": {
      "rating": 1,
      "programmer": 10,
      "user": 5
    }
  },
  {
    "model": "programmers.Rating",
    "pk": 243,
    "fields": {
      "rating": 5,
      "programmer": 17,
      "user": 5
    }
  },
  {
    "model": "programmers.Rating",
    "pk": 244,
    "fields": {
      "rating": 3,
      "programmer": 11,
      "user": 2
    }
  },
  {
    "model": "programmers.Rating",
    "pk": 245,
    "fields": {
      "rating": 5,
      "programmer": 1,
      "user": 2
    }
  },
  {
    "model": "programmers.Rating",
    "pk": 246,
    "fields": {
      "rating": 4,
      "programmer": 10,
      "user": 2
    }
  },
  {
    "model": "programmers.Rating",
    "pk": 247,
    "fields": {
      "rating": 5,
      "programmer": 2,
      "user": 7
    }
  },
  {
    "model": "programmers.Rating",
    "pk": 248,
    "fields": {
      "rating": 2,
      "programmer": 6,
      "user": 7
    }
  },
  {
    "model": "programmers.Rating",
    "pk": 249,
    "fields": {
      "rating": 5,
      "programmer": 3,
      "user": 7
    }
  },
  {
    "model": "programmers.Rating",
    "pk": 250,
    "fields": {
      "rating": 2,
      "programmer": 12,
      "user": 7
    }
  },
  {
    "model": "programmers.Rating",
    "pk": 251,
    "fields": {
      "rating": 4,
      "programmer": 8,
      "user": 1
    }
  },
  {
    "model": "programmers.Rating",
    "pk": 252,
    "fields": {
      "rating": 3,
      "programmer": 12,
      "user": 1
    }
  },
  {
    "model": "programmers.Rating",
    "pk": 253,
    "fields": {
      "rating": 5,
      "programmer": 18,
      "user": 1
    }
  },
  {
    "model": "programmers.Rating",
    "pk": 254,
    "fields": {
      "rating": 1,
      "programmer": 13,
      "user": 1
    }
  },
  {
    "model": "programmers.Rating",
    "pk": 255,
    "fields": {
      "rating": 5,
      "programmer": 10,
      "user": 4
    }
  },
  {
    "model": "programmers.Rating",
    "pk": 256,
    "fields": {
      "rating": 3,
      "programmer": 12,
      "user": 4
    }
  },
  {
    "model": "programmers.Rating",
    "pk": 257,
    "fields": {
      "rating": 5,
      "programmer": 2,
      "user": 4
    }
  },
  {
    "model": "programmers.Rating",
    "pk": 258,
    "fields": {
      "rating": 5,
      "programmer": 8,
      "user": 4
    }
  },
  {
    "model": "programmers.Rating",
    "pk": 259,
    "fields": {
      "rating": 4,
      "programmer": 18,
      "user": 4
    }
  },
  {
    "model": "programmers.Rating",
    "pk": 260,
    "fields": {
      "rating": 4,
      "programmer": 16,
      "user": 4
    }
  },
  {
    "model": "programmers.Rating",
    "pk": 261,
    "fields": {
      "rating": 3,
      "programmer": 5,
      "user": 4
    }
  },
  {
    "model": "programmers.Rating",
    "pk": 262,
    "fields": {
      "rating": 5,
      "programmer": 4,
      "user": 7
    }
  },
  {
    "model": "programmers.Rating",
    "pk": 263,
    "fields": {
      "rating": 5,
      "programmer": 3,
      "user": 4
    }
  },
  {
    "model": "programmers.Rating",
    "pk": 264,
    "fields": {
      "rating": 5,
      "programmer": 4,
      "user": 4
    }
  },
  {
    "model": "programmers.Rating",
    "pk": 265,
    "fields": {
      "rating": 5,
      "programmer": 2,
      "user": 4
    }
  },
  {
    "model": "programmers.Rating",
    "pk": 266,
    "fields": {
      "rating": 1,
      "programmer": 6,
      "user": 6
    }
  },
  {
    "model": "programmers.Rating",
    "pk": 267,
    "fields": {
      "rating": 1,
      "programmer": 16,
      "user": 6
    }
  },
  {
    "model": "programmers.Rating",
    "pk": 268,
    "fields": {
      "rating": 3,
      "programmer": 12,
      "user": 6
    }
  },
  {
    "model": "programmers.Rating",
    "pk": 269,
    "fields": {
      "rating": 4,
      "programmer": 7,
      "user": 7
    }
  },
  {
    "model": "programmers.Rating",
    "pk": 270,
    "fields": {
      "rating": 3,
      "programmer": 13,
      "user": 7
    }
  },
  {
    "model": "programmers.Rating",
    "pk": 271,
    "fields": {
      "rating": 2,
      "programmer": 11,
      "user": 7
    }
  },
  {
    "model": "programmers.Rating",
    "pk": 272,
    "fields": {
      "rating": 4,
      "programmer": 4,
      "user": 15
    }
  },
  {
    "model": "programmers.Rating",
    "pk": 273,
    "fields": {
      "rating": 5,
      "programmer": 3,
      "user": 15
    }
  },
  {
    "model": "programmers.Rating",
    "pk": 274,
    "fields": {
      "rating": 3,
      "programmer": 17,
      "user": 15
    }
  },
  {
    "model": "programmers.Rating",
    "pk": 275,
    "fields": {
      "rating": 5,
      "programmer": 18,
      "user": 12
    }
  },
  {
    "model": "programmers.Rating",
    "pk": 276,
    "fields": {
      "rating": 3,
      "programmer": 9,
      "user": 12
    }
  },
  {
    "model": "programmers.Rating",
    "pk": 277,
    "fields": {
      "rating": 3,
      "programmer": 18,
      "user": 5
    }
  },
  {
    "model": "programmers.Rating",
    "pk": 278,
    "fields": {
      "rating": 4,
      "programmer": 12,
      "user": 5
    }
  },
  {
    "model": "programmers.Rating",
    "pk": 279,
    "fields": {
      "rating": 5,
      "programmer": 3,
      "user": 2
    }
  },
  {
    "model": "programmers.Rating",
    "pk": 280,
    "fields": {
      "rating": 4,
      "programmer": 6,
      "user": 2
    }
  },
  {
    "model": "programmers.Rating",
    "pk": 281,
    "fields": {
      "rating": 5,
      "programmer": 1,
      "user": 2
    }
  },
  {
    "model": "programmers.Rating",
    "pk": 282,
    "fields": {
      "rating": 3,
      "programmer": 10,
      "user": 2
    }
  }
]
